round_epochs,val_loss,val_acc,loss,acc,lr,batch_size,epochs
15,0.536972737637618,0.7595224557714478,0.5477258718798526,0.7583156963328145,0.0001,128,15
